timestamp,mode,category,step,arm,reward,avg_reward,saving_ratio,valid,semantic_score
2026-05-26T16:49:01.988222,Baseline,QA,0,0,-0.4808689091077812,-0.4808689091077812,0.0,True,0.8737258709817469
2026-05-26T16:49:01.988305,Baseline,Code,1,0,-0.49009436982449095,-0.4854816394661361,0.0,True,0.9124622157734593
2026-05-26T16:49:01.988342,Baseline,Translation,2,0,-0.21243228041321113,-0.39446518644849443,0.0,True,0.9717735305344282
2026-05-26T16:49:01.988378,Baseline,Summarization,3,0,-0.3809325073417968,-0.39108201667182,0.0,True,0.9569864676217961
2026-05-26T16:49:01.988424,Baseline,Chat,4,0,-0.32378609923687995,-0.37762283318483203,0.0,True,0.9144733549078592
2026-05-26T16:49:01.988452,Baseline,QA,5,0,-0.5380301647929251,-0.4043573884528475,0.0,True,0.9016425391176807
2026-05-26T16:49:01.988475,Baseline,Code,6,0,-0.4824146722680185,-0.41550842899787194,0.0,True,0.9010223223095822
2026-05-26T16:49:01.988502,Baseline,Translation,7,0,-0.5287873676181101,-0.4296682963254017,0.0,True,0.8534541384596873
2026-05-26T16:49:01.988534,Baseline,Summarization,8,0,-0.5327902616354754,-0.44112629247096546,0.0,True,0.8617857434766776
2026-05-26T16:49:01.988561,Baseline,Chat,9,0,-0.5345378784595047,-0.45046745106981934,0.0,True,0.8982405035917586
2026-05-26T16:49:01.988586,Baseline,QA,10,0,-0.35305855928564744,-0.4416120972712582,0.0,True,0.9521985626904839
2026-05-26T16:49:01.988608,Baseline,Code,11,0,-0.5977845563379767,-0.4546264688601514,0.0,True,0.8534341327228789
2026-05-26T16:49:01.988638,Baseline,Translation,12,0,-0.48989990021854934,-0.4573398097338743,0.0,True,0.8767247754514337
2026-05-26T16:49:01.988667,Baseline,Summarization,13,0,-0.2748305089806757,-0.44430343110864584,0.0,True,0.9703325864883793
2026-05-26T16:49:01.988692,Baseline,Chat,14,0,-0.4365125789112625,-0.4437840409621536,0.0,True,0.9240412400792741
2026-05-26T16:49:01.988717,Baseline,QA,15,0,-0.3239489900258147,-0.43629435027863245,0.0,True,0.9212074386716818
2026-05-26T16:49:01.988739,Baseline,Code,16,0,-0.6277735325568136,-0.44755783158911366,0.0,True,0.8581460756963112
2026-05-26T16:49:01.988766,Baseline,Translation,17,0,-0.3025673006320273,-0.4395028020914978,0.0,True,0.9229063309058405
2026-05-26T16:49:01.988792,Baseline,Summarization,18,0,-0.6161631190896384,-0.44880071351245254,0.0,True,0.8639432736728138
2026-05-26T16:49:01.988818,Baseline,Chat,19,0,-0.5623251510227778,-0.4544769353879688,0.0,True,0.8679881925134031
2026-05-26T16:49:01.988842,Baseline,QA,20,0,-0.42366541181539574,-0.45300971997975104,0.0,True,0.9087650282596883
2026-05-26T16:49:01.988868,Baseline,Code,21,0,-0.4518403528041892,-0.45295656692631636,0.0,True,0.9309179636789607
2026-05-26T16:49:01.988895,Baseline,Translation,22,0,-0.31708441449582686,-0.44704908203803423,0.0,True,0.984537265042199
2026-05-26T16:49:01.988922,Baseline,Summarization,23,0,-0.3632748932519958,-0.4435584908386159,0.0,True,0.9704937866902525
2026-05-26T16:49:01.988947,Baseline,Chat,24,0,-0.35701531246629375,-0.440096763703723,0.0,True,0.9364419877494609
2026-05-26T16:49:01.988971,Baseline,QA,25,0,-0.43902266240640586,-0.44005545211536473,0.0,True,0.9311909962034803
2026-05-26T16:49:01.988993,Baseline,Code,26,0,-0.44005259331922136,-0.44005534623402603,0.0,True,0.934613796369749
2026-05-26T16:49:01.989019,Baseline,Translation,27,0,-0.48376679949041135,-0.44161646956461126,0.0,True,0.9063976435636248
2026-05-26T16:49:01.989046,Baseline,Summarization,28,0,-0.4367620468197733,-0.4414490756768582,0.0,True,0.9339858918510509
2026-05-26T16:49:01.989071,Baseline,Chat,29,0,-0.41893158460874313,-0.4406984926412543,0.0,True,0.8819811855909541
2026-05-26T16:49:01.989095,Baseline,QA,30,0,-0.5951191401724503,-0.44567980385193806,0.0,True,0.8691048825178195
2026-05-26T16:49:01.989116,Baseline,Code,31,0,-0.14364897449296632,-0.4362413404344702,0.0,True,0.9941062053008753
2026-05-26T16:49:01.989146,Baseline,Translation,32,0,-0.21127633691675857,-0.4294242191157517,0.0,True,0.9829700183547638
2026-05-26T16:49:01.989176,Baseline,Summarization,33,0,-0.4503896282000567,-0.43004084879470184,0.0,True,0.8751651674220621
2026-05-26T16:49:01.989205,Baseline,Chat,34,0,-0.3271836482977443,-0.4271020716376459,0.0,True,0.9883981516116291
2026-05-26T16:49:01.989230,Baseline,QA,35,0,-2.771315172574595,-0.4922191022192279,0.0,False,0.8652314549757243
2026-05-26T16:49:01.989251,Baseline,Code,36,0,-0.3867182183669805,-0.48936772697997794,0.0,True,0.9076340513268539
2026-05-26T16:49:01.989277,Baseline,Translation,37,0,-0.5188029921869531,-0.4901423392222667,0.0,True,0.9048703678076174
2026-05-26T16:49:01.989304,Baseline,Summarization,38,0,-0.5067811107667565,-0.49056897439007413,0.0,True,0.8701929267985312
2026-05-26T16:49:01.989328,Baseline,Chat,39,0,-0.31496256359667024,-0.486178814120239,0.0,True,0.9363569096512093
2026-05-26T16:49:01.989353,Baseline,QA,40,0,-0.5122687090694895,-0.4868151530214402,0.0,True,0.9144859413874955
2026-05-26T16:49:01.989374,Baseline,Code,41,0,-0.4620681383410584,-0.48622593838619305,0.0,True,0.9277584919758383
2026-05-26T16:49:01.989400,Baseline,Translation,42,0,-2.7208193928460584,-0.5381932280247945,0.0,False,0.8673363396348223
2026-05-26T16:49:01.989426,Baseline,Summarization,43,0,-0.5749787606076089,-0.5390292628562222,0.0,True,0.8622812440997466
2026-05-26T16:49:01.989451,Baseline,Chat,44,0,-0.3338817047784546,-0.5344704282322718,0.0,True,0.9135667192352616
2026-05-26T16:49:01.989476,Baseline,QA,45,0,-0.22717672074652304,-0.5277901302434512,0.0,True,0.9878646360075304
2026-05-26T16:49:01.989497,Baseline,Code,46,0,-0.2779580399813625,-0.5224745538548962,0.0,True,0.9571817971120974
2026-05-26T16:49:01.989523,Baseline,Translation,47,0,-0.5886036784967033,-0.5238522439516005,0.0,True,0.8669273307272053
2026-05-26T16:49:01.989549,Baseline,Summarization,48,0,-0.3179817344129927,-0.5196508049814248,0.0,True,0.9794532428023355
2026-05-26T16:49:01.989574,Baseline,Chat,49,0,-0.5516401648298259,-0.5202905921783928,0.0,True,0.8580979593343966
2026-05-26T16:49:01.989598,Baseline,QA,50,0,-0.22097907603039102,-0.5144217389205888,0.0,True,0.9916912037204777
2026-05-26T16:49:01.989619,Baseline,Code,51,0,-0.46263123052443156,-0.5134257676052781,0.0,True,0.8932837568433075
2026-05-26T16:49:01.989645,Baseline,Translation,52,0,-0.2720933010900747,-0.5088723248408403,0.0,True,0.9959925035046006
2026-05-26T16:49:01.989672,Baseline,Summarization,53,0,-2.6662364096146027,-0.54882351159591,0.0,False,0.8748024596361096
2026-05-26T16:49:01.989697,Baseline,Chat,54,0,-0.48137056224330127,-0.5475970943349535,0.0,True,0.8883054057105657
2026-05-26T16:49:01.989721,Baseline,QA,55,0,-0.23477501724368993,-0.5420109858154666,0.0,True,0.9963953022148717
2026-05-26T16:49:01.989742,Baseline,Code,56,0,-0.3161646375619111,-0.5380487691794393,0.0,True,0.9840139111250439
2026-05-26T16:49:01.989768,Baseline,Translation,57,0,-0.4920149783003843,-0.5372550831298004,0.0,True,0.9015580388800271
2026-05-26T16:49:01.989794,Baseline,Summarization,58,0,-0.36525126828348053,-0.5343397642341001,0.0,True,0.9648668705880393
2026-05-26T16:49:01.989819,Baseline,Chat,59,0,-0.5542006099444325,-0.5346707783292722,0.0,True,0.8858946547631449
2026-05-26T16:49:01.989846,Baseline,QA,60,0,-0.21673052731709275,-0.5294586430667775,0.0,True,0.9890254960418621
2026-05-26T16:49:01.989868,Baseline,Code,61,0,-0.12230829883157134,-0.5228917020307258,0.0,True,0.9984640754403549
2026-05-26T16:49:01.989897,Baseline,Translation,62,0,-0.6285846487807198,-0.5245693678521541,0.0,True,0.8648846195343541
2026-05-26T16:49:01.989924,Baseline,Summarization,63,0,-0.30008173368995716,-0.5210617485683698,0.0,True,0.9548530105648453
2026-05-26T16:49:01.989953,Baseline,Chat,64,0,-0.4118124620000813,-0.5193809903134731,0.0,True,0.9208459689784466
2026-05-26T16:49:01.989978,Baseline,QA,65,0,-0.31080033020711595,-0.5162206772815585,0.0,True,0.9620122928225556
2026-05-26T16:49:01.990000,Baseline,Code,66,0,-0.31496805535309713,-0.5132169068050144,0.0,True,0.9644893078927915
2026-05-26T16:49:01.990026,Baseline,Translation,67,0,-2.738385940271289,-0.5459399808265771,0.0,False,0.8632870385100284
2026-05-26T16:49:01.990052,Baseline,Summarization,68,0,-0.48696029911891037,-0.545085202830814,0.0,True,0.9222196610993014
2026-05-26T16:49:01.990077,Baseline,Chat,69,0,-0.592784691003786,-0.5457666240904278,0.0,True,0.8730387321009772
2026-05-26T16:49:01.990101,Baseline,QA,70,0,-0.4629953610866838,-0.5446008316537554,0.0,True,0.9299761866837227
2026-05-26T16:49:01.990122,Baseline,Code,71,0,-0.3756153082351291,-0.5422538104951633,0.0,True,0.9304907495307032
2026-05-26T16:49:01.990148,Baseline,Translation,72,0,-0.4135747398253451,-0.5404910834996863,0.0,True,0.9058491390382764
2026-05-26T16:49:01.990177,Baseline,Summarization,73,0,-0.29085937484959357,-0.5371176820314418,0.0,True,0.9867578739361476
2026-05-26T16:49:01.990203,Baseline,Chat,74,0,-0.4607358767823555,-0.5360992579614541,0.0,True,0.864891245793858
2026-05-26T16:49:01.990227,Baseline,QA,75,0,-0.26332017881546055,-0.5325100595516383,0.0,True,0.9732000417991861
2026-05-26T16:49:01.990249,Baseline,Code,76,0,-0.45027089597930786,-0.5314420184662835,0.0,True,0.8888831445005637
2026-05-26T16:49:01.990277,Baseline,Translation,77,0,-0.2791732020353501,-0.5282078028710151,0.0,True,0.9512952630728596
2026-05-26T16:49:01.990303,Baseline,Summarization,78,0,-2.744138035861135,-0.5562575526557001,0.0,False,0.9311395394338381
2026-05-26T16:49:01.990328,Baseline,Chat,79,0,-0.23392544504253113,-0.5522284013105355,0.0,True,0.9471821045255324
2026-05-26T16:49:01.990352,Baseline,QA,80,0,-2.717308529564461,-0.5789577856099667,0.0,False,0.9095837168599294
2026-05-26T16:49:01.990373,Baseline,Code,81,0,-0.4926390514034529,-0.5779051181196433,0.0,True,0.8620677994815653
2026-05-26T16:49:01.990404,Baseline,Translation,82,0,-0.4120972851531315,-0.5759074333851071,0.0,True,0.9022809464238977
2026-05-26T16:49:01.990431,Baseline,Summarization,83,0,-0.270143053039932,-0.5722673812381407,0.0,True,0.950983320519539
2026-05-26T16:49:01.990456,Baseline,Chat,84,0,-0.3699132066410161,-0.5698867438899392,0.0,True,0.9420256687326359
2026-05-26T16:49:01.990481,Baseline,QA,85,0,-0.382442004191012,-0.5677071538934401,0.0,True,0.9173406398807611
2026-05-26T16:49:01.990504,Baseline,Code,86,0,-0.41191451717945715,-0.5659164339312103,0.0,True,0.9170636341448093
2026-05-26T16:49:01.990531,Baseline,Translation,87,0,-0.44905309105671737,-0.5645884413985457,0.0,True,0.92221465627133
2026-05-26T16:49:01.990557,Baseline,Summarization,88,0,-2.6502829611427,-0.5880232112833115,0.0,False,0.9971249204511252
2026-05-26T16:49:01.990582,Baseline,Chat,89,0,-0.3090037914369278,-0.5849229955072405,0.0,True,0.971752924647741
2026-05-26T16:49:01.990609,Baseline,QA,90,0,-0.46726159529189154,-0.5836300130872917,0.0,True,0.926473377174498
2026-05-26T16:49:01.990631,Baseline,Code,91,0,-0.40515467756765466,-0.5816900637881651,0.0,True,0.9088826307823913
2026-05-26T16:49:01.990657,Baseline,Translation,92,0,-0.416818278954291,-0.5799172488974783,0.0,True,0.9253910737045448
2026-05-26T16:49:01.990685,Baseline,Summarization,93,0,-0.43782251510126413,-0.5784056027932633,0.0,True,0.9209349911039334
2026-05-26T16:49:01.990710,Baseline,Chat,94,0,-0.2682293555387573,-0.5751405896642685,0.0,True,0.9970741803086394
2026-05-26T16:49:01.990737,Baseline,QA,95,0,-0.27224129251983054,-0.5719853886523473,0.0,True,0.9410824304894561
2026-05-26T16:49:01.990759,Baseline,Code,96,0,-0.33482699779687536,-0.5695404567878578,0.0,True,0.9686930971505685
2026-05-26T16:49:01.990785,Baseline,Translation,97,0,-0.25195243933536854,-0.5662997627322202,0.0,True,0.98770267502486
2026-05-26T16:49:01.990811,Baseline,Summarization,98,0,-2.6662877553225846,-0.5875117626573754,0.0,False,0.9149614460911395
2026-05-26T16:49:01.990839,Baseline,Chat,99,0,-2.7874799287658725,-0.6095114443184603,0.0,False,0.8572617336149908
2026-05-26T16:49:01.990864,Baseline,QA,100,0,-0.35126008151916727,-0.6069545001323287,0.0,True,0.9630859973603076
2026-05-26T16:49:01.990885,Baseline,Code,101,0,-0.39640748433913553,-0.6048903137029836,0.0,True,0.9359085699311323
2026-05-26T16:49:01.990911,Baseline,Translation,102,0,-0.36524790610255276,-0.6025636883864747,0.0,True,0.8986090765573738
2026-05-26T16:49:01.990937,Baseline,Summarization,103,0,-0.3152171062317333,-0.5998007404811406,0.0,True,0.9452796083678666
2026-05-26T16:49:01.990962,Baseline,Chat,104,0,-0.14235331984814031,-0.5954440983798739,0.0,True,0.9905257963275365
2026-05-26T16:49:01.990986,Baseline,QA,105,0,-0.2878509544150957,-0.5925422762669987,0.0,True,0.9468978467892717
2026-05-26T16:49:01.991007,Baseline,Code,106,0,-0.6190033651606046,-0.5927895761632006,0.0,True,0.8585866945705534
2026-05-26T16:49:01.991033,Baseline,Translation,107,0,-0.35796810457635714,-0.5906153032781373,0.0,True,0.9464993538182076
2026-05-26T16:49:01.991059,Baseline,Summarization,108,0,-0.19937320100160272,-0.5870259261930314,0.0,True,0.9962694647275883
2026-05-26T16:49:01.991085,Baseline,Chat,109,0,-0.18800016947583084,-0.5833984193137841,0.0,True,0.9711899928335356
2026-05-26T16:49:01.991110,Baseline,QA,110,0,-0.23119026792980796,-0.5802253729049195,0.0,True,0.9566331217836234
2026-05-26T16:49:01.991131,Baseline,Code,111,0,-0.3133984501762894,-0.577842989666271,0.0,True,0.9437268242558041
2026-05-26T16:49:01.991162,Baseline,Translation,112,0,-0.43122522257262974,-0.5765454873026105,0.0,True,0.905175792478435
2026-05-26T16:49:01.991189,Baseline,Summarization,113,0,-0.4301202899709568,-0.5752610557470696,0.0,True,0.9184822542648962
2026-05-26T16:49:01.991214,Baseline,Chat,114,0,-0.36439337774600483,-0.5734274237644517,0.0,True,0.9253206635692812
2026-05-26T16:49:01.991238,Baseline,QA,115,0,-0.413385777283361,-0.5720477543982354,0.0,True,0.9242975223157308
2026-05-26T16:49:01.991259,Baseline,Code,116,0,-0.44363577320632536,-0.5709502160974499,0.0,True,0.9032766079904154
2026-05-26T16:49:01.991285,Baseline,Translation,117,0,-0.35877879245825106,-0.5691521531852533,0.0,True,0.9320434309915903
2026-05-26T16:49:01.991311,Baseline,Summarization,118,0,-0.2216996862998904,-0.5662323845559645,0.0,True,0.9696357132241121
2026-05-26T16:49:01.991336,Baseline,Chat,119,0,-0.5001149251790877,-0.5656814057278239,0.0,True,0.8818446910331245
2026-05-26T16:49:01.991361,Baseline,QA,120,0,-0.44885914390958587,-0.5647159324896566,0.0,True,0.9313436196948431
2026-05-26T16:49:01.991382,Baseline,Code,121,0,-0.2665475448468684,-0.5622719293122568,0.0,True,0.9422858664123024
2026-05-26T16:49:01.991408,Baseline,Translation,122,0,-0.3934017599236509,-0.5608990011058453,0.0,True,0.959654627260572
2026-05-26T16:49:01.991434,Baseline,Summarization,123,0,-0.2618283420407784,-0.5584871409520947,0.0,True,0.973841758888584
2026-05-26T16:49:01.991458,Baseline,Chat,124,0,-0.1679707286864347,-0.5553630096539695,0.0,True,0.9902290920160829
2026-05-26T16:49:01.992111,Rule_Based,QA,0,1,-2.509114664360862,-2.509114664360862,0.18181818181818182,False,0.9356578184568792
2026-05-26T16:49:01.992136,Rule_Based,Code,1,0,-0.30371987071527223,-1.4064172675380673,0.0,True,0.9472831749546727
2026-05-26T16:49:01.992164,Rule_Based,Translation,2,1,-0.07866773961405446,-0.9638340915633963,0.16666666666666666,True,0.9447863497156004
2026-05-26T16:49:01.992191,Rule_Based,Summarization,3,1,-0.2958040092130342,-0.7968265709758058,0.14285714285714285,True,0.8907238057148448
2026-05-26T16:49:01.992219,Rule_Based,Chat,4,1,-0.3085993937244983,-0.6991811355255443,0.1,True,0.8795610113777041
2026-05-26T16:49:01.992244,Rule_Based,QA,5,1,-0.30427069765261533,-0.6333627292133895,0.18181818181818182,True,0.8758316735303128
2026-05-26T16:49:01.992265,Rule_Based,Code,6,0,-0.17491933795400955,-0.5678708161763353,0.0,True,0.9831312905587533
2026-05-26T16:49:01.992292,Rule_Based,Translation,7,1,-0.34458016651893214,-0.5399594849691599,0.16666666666666666,True,0.8577889828853275
2026-05-26T16:49:01.992318,Rule_Based,Summarization,8,1,-0.10859960779278385,-0.49203060972734036,0.14285714285714285,True,0.9793216610361721
2026-05-26T16:49:01.992343,Rule_Based,Chat,9,1,-0.30746792804749146,-0.47357434155935546,0.1,True,0.930218550465432
2026-05-26T16:49:01.992368,Rule_Based,QA,10,1,0.04776245222416753,-0.4261800875790352,0.18181818181818182,True,0.9801907207283229
2026-05-26T16:49:01.992389,Rule_Based,Code,11,0,-0.46949687204261975,-0.42978981961766727,0.0,True,0.8687565729529387
2026-05-26T16:49:01.992415,Rule_Based,Translation,12,1,0.04221570617167239,-0.3934817022492565,0.16666666666666666,True,0.9916309555280652
2026-05-26T16:49:01.992444,Rule_Based,Summarization,13,1,-0.07387781148607328,-0.3706528529090291,0.14285714285714285,True,0.9978751862973507
2026-05-26T16:49:01.992470,Rule_Based,Chat,14,1,-0.3207625066066935,-0.36732682982220677,0.1,True,0.8529744869771042
2026-05-26T16:49:01.992495,Rule_Based,QA,15,1,-0.374911466385689,-0.3678008696074244,0.18181818181818182,True,0.8533434416178174
2026-05-26T16:49:01.992516,Rule_Based,Code,16,0,-0.3417847684063629,-0.36627051071324435,0.0,True,0.9385261947152648
2026-05-26T16:49:01.992542,Rule_Based,Translation,17,1,-2.422408403371235,-0.4805003936386883,0.16666666666666666,False,0.8617690738408331
2026-05-26T16:49:01.992569,Rule_Based,Summarization,18,1,-0.17232301075928366,-0.4642805313818775,0.14285714285714285,True,0.9182078063090677
2026-05-26T16:49:01.992594,Rule_Based,Chat,19,1,-0.034357569664345056,-0.44278438329600095,0.1,True,0.968392666210138
2026-05-26T16:49:01.992618,Rule_Based,QA,20,1,-0.0045041352910867305,-0.421913895295767,0.18181818181818182,True,0.9642634732767963
2026-05-26T16:49:01.992639,Rule_Based,Code,21,0,-0.5093304891360468,-0.42588737683396155,0.0,True,0.8917723968053531
2026-05-26T16:49:01.992665,Rule_Based,Translation,22,1,-0.20069223949529313,-0.41609628390619335,0.16666666666666666,True,0.9173667766536666
2026-05-26T16:49:01.992692,Rule_Based,Summarization,23,1,-2.468191013969314,-0.5016002309921567,0.14285714285714285,False,0.8965169311924257
2026-05-26T16:49:01.992718,Rule_Based,Chat,24,1,-0.32357350992458384,-0.4944791621494538,0.1,True,0.9205491251779783
2026-05-26T16:49:01.992742,Rule_Based,QA,25,1,0.028781506757330155,-0.4743537518068852,0.18181818181818182,True,0.9619235222696207
2026-05-26T16:49:01.992767,Rule_Based,Code,26,0,-0.22127082228508754,-0.46498030997274453,0.0,True,0.9783832043826712
2026-05-26T16:49:01.992796,Rule_Based,Translation,27,1,-2.4008079089707324,-0.5341170099369583,0.16666666666666666,False,0.8758232692162634
2026-05-26T16:49:01.992823,Rule_Based,Summarization,28,1,-0.3768668291514413,-0.5286945899098715,0.14285714285714285,True,0.8605547268863917
2026-05-26T16:49:01.992848,Rule_Based,Chat,29,1,-0.29530243198151634,-0.5209148513122597,0.1,True,0.8882829433918734
2026-05-26T16:49:01.992873,Rule_Based,QA,30,1,-2.3391880975709483,-0.5795688269980238,0.18181818181818182,False,0.928381588542363
2026-05-26T16:49:01.992894,Rule_Based,Code,31,0,-0.48327940559742244,-0.576559782579255,0.0,True,0.9120830038943766
2026-05-26T16:49:01.992920,Rule_Based,Translation,32,1,-0.15892549980468088,-0.5639041982527527,0.16666666666666666,True,0.9021050641089774
2026-05-26T16:49:01.992949,Rule_Based,Summarization,33,1,-0.23240959312649376,-0.5541543569255099,0.14285714285714285,True,0.926692016237259
2026-05-26T16:49:01.992975,Rule_Based,Chat,34,1,-0.2060785199138306,-0.5442093330108905,0.1,True,0.9484012402242075
2026-05-26T16:49:01.992999,Rule_Based,QA,35,1,-0.09486759244833393,-0.5317276179952639,0.18181818181818182,True,0.9659538973855897
2026-05-26T16:49:01.993021,Rule_Based,Code,36,0,-0.32780049243643034,-0.5262160740612414,0.0,True,0.9143681941331977
2026-05-26T16:49:01.993049,Rule_Based,Translation,37,1,-0.13370687579639784,-0.5158868846332192,0.16666666666666666,True,0.8952958495695763
2026-05-26T16:49:01.993076,Rule_Based,Summarization,38,1,-0.34342450123138646,-0.5114647722383004,0.14285714285714285,True,0.8525886596849593
2026-05-26T16:49:01.993104,Rule_Based,Chat,39,1,-0.17827701569529136,-0.5031350783247251,0.1,True,0.9144425463589337
2026-05-26T16:49:01.993129,Rule_Based,QA,40,1,-0.09472040981321839,-0.4931737449463957,0.18181818181818182,True,0.930358578535517
2026-05-26T16:49:01.993150,Rule_Based,Code,41,0,-0.6253796799610732,-0.4963215053038881,0.0,True,0.8557654599237208
2026-05-26T16:49:01.993176,Rule_Based,Translation,42,1,-0.18344946240527205,-0.48904541128299,0.16666666666666666,True,0.930911082672898
2026-05-26T16:49:01.993202,Rule_Based,Summarization,43,1,-0.4244627372850539,-0.48757762323758236,0.14285714285714285,True,0.8596834541257623
2026-05-26T16:49:01.993227,Rule_Based,Chat,44,1,-0.06797669483212038,-0.4782531581619054,0.1,True,0.9808445525805469
2026-05-26T16:49:01.993252,Rule_Based,QA,45,1,-0.24145108408074056,-0.4731052869862279,0.18181818181818182,True,0.891465806598351
2026-05-26T16:49:01.993273,Rule_Based,Code,46,0,-0.3655711677058466,-0.4708173270015389,0.0,True,0.9532931760419464
2026-05-26T16:49:01.993299,Rule_Based,Translation,47,1,-0.18746853048104278,-0.4649142270740285,0.16666666666666666,True,0.8767554054930885
2026-05-26T16:49:01.993326,Rule_Based,Summarization,48,1,-2.4343392391886116,-0.5051065742600405,0.14285714285714285,False,0.8800314572909284
2026-05-26T16:49:01.993352,Rule_Based,Chat,49,1,-0.15852219696667277,-0.4981748867141731,0.1,True,0.9413912512890357
2026-05-26T16:49:01.993376,Rule_Based,QA,50,1,-0.042221082239944335,-0.48923461603820784,0.18181818181818182,True,0.9623875276902646
2026-05-26T16:49:01.993397,Rule_Based,Code,51,0,-0.40805132752574946,-0.4876733989514298,0.0,True,0.8797217537238686
2026-05-26T16:49:01.993426,Rule_Based,Translation,52,1,-0.06730440254198228,-0.47974190845313835,0.16666666666666666,True,0.9905123140578848
2026-05-26T16:49:01.993453,Rule_Based,Summarization,53,1,0.005198509761716236,-0.47076153033804846,0.14285714285714285,True,0.983195265925643
2026-05-26T16:49:01.993478,Rule_Based,Chat,54,1,-0.19641063658395286,-0.4657733322697921,0.1,True,0.9100922806528121
2026-05-26T16:49:01.993502,Rule_Based,QA,55,1,0.07243572603903861,-0.456162456228563,0.18181818181818182,True,0.984950858475349
2026-05-26T16:49:01.993523,Rule_Based,Code,56,0,-0.5262089127642551,-0.45739134143094357,0.0,True,0.8645482271403975
2026-05-26T16:49:01.993550,Rule_Based,Translation,57,1,-0.06556267798888149,-0.45063567481987354,0.16666666666666666,True,0.9935934510628414
2026-05-26T16:49:01.993576,Rule_Based,Summarization,58,1,-0.16972095240622506,-0.4458744083382863,0.14285714285714285,True,0.9106018713955165
2026-05-26T16:49:01.993601,Rule_Based,Chat,59,1,-0.3334847232881455,-0.44400124692078397,0.1,True,0.8739570741065115
2026-05-26T16:49:01.993625,Rule_Based,QA,60,1,-0.2633569300953522,-0.4410398646777441,0.18181818181818182,True,0.8707497200909978
2026-05-26T16:49:01.993646,Rule_Based,Code,61,0,-0.46001871310180764,-0.44134597513619667,0.0,True,0.8652492506909136
2026-05-26T16:49:01.993672,Rule_Based,Translation,62,1,-0.009526432945977048,-0.43449169668873294,0.16666666666666666,True,0.9417455163324329
2026-05-26T16:49:01.993698,Rule_Based,Summarization,63,1,-0.12588239790296935,-0.42966967639520537,0.14285714285714285,True,0.9119168779081098
2026-05-26T16:49:01.993723,Rule_Based,Chat,64,1,-2.53180569709154,-0.46201023055976437,0.1,False,0.8619879999621762
2026-05-26T16:49:01.993753,Rule_Based,QA,65,1,-0.11294838593643525,-0.4567214147321381,0.18181818181818182,True,0.9624659010579699
2026-05-26T16:49:01.993775,Rule_Based,Code,66,0,-0.6216180884310519,-0.459182559115704,0.0,True,0.8558079351700403
2026-05-26T16:49:01.993801,Rule_Based,Translation,67,1,-0.37039265422556134,-0.45787682522026074,0.16666666666666666,True,0.86696516554868
2026-05-26T16:49:01.993827,Rule_Based,Summarization,68,1,0.03432545333679174,-0.45074345886436146,0.14285714285714285,True,0.968747991735508
2026-05-26T16:49:01.993852,Rule_Based,Chat,69,1,-0.3763683436015752,-0.44968095721775025,0.1,True,0.877825116641256
2026-05-26T16:49:01.993876,Rule_Based,QA,70,1,-0.06780765857574689,-0.4443024600537783,0.18181818181818182,True,0.9205162086327385
2026-05-26T16:49:01.993897,Rule_Based,Code,71,0,-2.7695889830528113,-0.4765981062065427,0.0,False,0.9034668281563853
2026-05-26T16:49:01.993923,Rule_Based,Translation,72,1,-0.1203799570859111,-0.4717184055336573,0.16666666666666666,True,0.9555429068641891
2026-05-26T16:49:01.993950,Rule_Based,Summarization,73,1,-0.18694495076008988,-0.4678701156042848,0.14285714285714285,True,0.885088956185808
2026-05-26T16:49:01.993975,Rule_Based,Chat,74,1,-0.4216175226001615,-0.4672534143642298,0.1,True,0.8648499746321999
2026-05-26T16:49:01.993999,Rule_Based,QA,75,1,-0.04991581819757951,-0.46176213020414236,0.18181818181818182,True,0.989202757493364
2026-05-26T16:49:01.994021,Rule_Based,Code,76,0,-0.47513047233593975,-0.46193574503702284,0.0,True,0.8767823180398717
2026-05-26T16:49:01.994047,Rule_Based,Translation,77,1,-0.28181543752975574,-0.45962651032539126,0.16666666666666666,True,0.8512509923874327
2026-05-26T16:49:01.994075,Rule_Based,Summarization,78,1,-0.2803031844217422,-0.45735659480762353,0.14285714285714285,True,0.8509626744305878
2026-05-26T16:49:01.994101,Rule_Based,Chat,79,1,-0.19353589757755907,-0.45405883609224773,0.1,True,0.9628551717010168
2026-05-26T16:49:01.994125,Rule_Based,QA,80,1,-2.476790048869902,-0.47903082637345334,0.18181818181818182,False,0.9538439052949927
2026-05-26T16:49:01.994146,Rule_Based,Code,81,0,-0.47730095765786745,-0.47900973041350714,0.0,True,0.8838929163177328
2026-05-26T16:49:01.994172,Rule_Based,Translation,82,1,-0.24732153816144892,-0.47621830641047036,0.16666666666666666,True,0.8818144968684286
2026-05-26T16:49:01.994199,Rule_Based,Summarization,83,1,-0.2402695283527348,-0.47340939238597346,0.14285714285714285,True,0.8697513562439245
2026-05-26T16:49:01.994224,Rule_Based,Chat,84,1,-0.2560230049802302,-0.47085190547531763,0.1,True,0.9425593275956791
2026-05-26T16:49:01.994249,Rule_Based,QA,85,1,-0.21790131883699398,-0.46791061958417435,0.18181818181818182,True,0.9221081357659608
2026-05-26T16:49:01.994269,Rule_Based,Code,86,0,-0.5549586739842901,-0.46891117193360093,0.0,True,0.8698338317522364
2026-05-26T16:49:01.994298,Rule_Based,Translation,87,1,0.012029132534435383,-0.4634459412010096,0.16666666666666666,True,0.9850012240650186
2026-05-26T16:49:01.994326,Rule_Based,Summarization,88,1,-0.31183431889198154,-0.4617424398267509,0.14285714285714285,True,0.8639007929292596
2026-05-26T16:49:01.994351,Rule_Based,Chat,89,1,-0.2758431820957699,-0.45967689251862887,0.1,True,0.9004090351549283
2026-05-26T16:49:01.994379,Rule_Based,QA,90,1,-2.377008793675557,-0.48074647385002367,0.18181818181818182,False,0.8843516855139901
2026-05-26T16:49:01.994402,Rule_Based,Code,91,0,-0.5300045983274525,-0.48128188824651746,0.0,True,0.8870288762237426
2026-05-26T16:49:01.994429,Rule_Based,Translation,92,1,0.05301212314507192,-0.4755367913498337,0.16666666666666666,True,0.9621771204977619
2026-05-26T16:49:01.994455,Rule_Based,Summarization,93,1,-0.14730026297057466,-0.4720449133883522,0.14285714285714285,True,0.9228014540238378
2026-05-26T16:49:01.994481,Rule_Based,Chat,94,1,-0.3409420548248697,-0.4706648832982103,0.1,True,0.91682273894012
2026-05-26T16:49:01.994505,Rule_Based,QA,95,1,-0.28173896496273526,-0.4686969049822158,0.18181818181818182,True,0.8687726726067638
2026-05-26T16:49:01.994529,Rule_Based,Code,96,0,-2.7180686702093158,-0.49188630462373223,0.0,False,0.906144800456236
2026-05-26T16:49:01.994555,Rule_Based,Translation,97,1,-0.06882314928003949,-0.48756933365083743,0.16666666666666666,True,0.9231256277504198
2026-05-26T16:49:01.994582,Rule_Based,Summarization,98,1,-0.07844650704526612,-0.4834367798467407,0.14285714285714285,True,0.9472002362143112
2026-05-26T16:49:01.994607,Rule_Based,Chat,99,1,-2.635956375189446,-0.5049619758001678,0.1,False,0.939689008952789
2026-05-26T16:49:01.994632,Rule_Based,QA,100,1,-2.364088761791738,-0.5233691717010744,0.18181818181818182,False,0.871443066766965
2026-05-26T16:49:01.994653,Rule_Based,Code,101,0,-0.1939987901512776,-0.5201400503133313,0.0,True,0.9817534333390212
2026-05-26T16:49:01.994679,Rule_Based,Translation,102,1,-0.1344387181997378,-0.5163953771860149,0.16666666666666666,True,0.9583883966943689
2026-05-26T16:49:01.994706,Rule_Based,Summarization,103,1,-2.4707748123223365,-0.5351874871392488,0.14285714285714285,False,0.868675996692278
2026-05-26T16:49:01.994734,Rule_Based,Chat,104,1,-0.11853050587488775,-0.5312193254129215,0.1,True,0.9829826726701059
2026-05-26T16:49:01.994760,Rule_Based,QA,105,1,0.05926500563326953,-0.5256487185162593,0.18181818181818182,True,0.9963420259111262
2026-05-26T16:49:01.994780,Rule_Based,Code,106,0,-0.31020812020506516,-0.5236352549806407,0.0,True,0.9662765567683876
2026-05-26T16:49:01.994807,Rule_Based,Translation,107,1,-0.13851503334232348,-0.5200693270025082,0.16666666666666666,True,0.8868226547256618
2026-05-26T16:49:01.994839,Rule_Based,Summarization,108,1,-2.4617744990728845,-0.537883135920585,0.14285714285714285,False,0.8596943971906243
2026-05-26T16:49:01.994864,Rule_Based,Chat,109,1,-0.2851845608449819,-0.5355858761471705,0.1,True,0.9135709007604036
2026-05-26T16:49:01.994888,Rule_Based,QA,110,1,-0.24062743422538085,-0.5329285928866138,0.18181818181818182,True,0.9133655126572835
2026-05-26T16:49:01.994909,Rule_Based,Code,111,0,-0.3180527866969355,-0.5310100589027774,0.0,True,0.9358633417037686
2026-05-26T16:49:01.994935,Rule_Based,Translation,112,1,-0.2307422532888686,-0.5283528216849552,0.16666666666666666,True,0.8924784433578066
2026-05-26T16:49:01.994961,Rule_Based,Summarization,113,1,-0.24387963293909967,-0.5258574428363073,0.14285714285714285,True,0.9167487909852761
2026-05-26T16:49:01.994986,Rule_Based,Chat,114,1,-0.2913266129376233,-0.5238180443154492,0.1,True,0.9213313380118165
2026-05-26T16:49:01.995011,Rule_Based,QA,115,1,-0.03246570474595559,-0.5195822482846777,0.18181818181818182,True,0.9437274844466227
2026-05-26T16:49:01.995031,Rule_Based,Code,116,0,-0.24331744343285167,-0.5172210106363715,0.0,True,0.973971110756824
2026-05-26T16:49:01.995060,Rule_Based,Translation,117,1,-0.23131711377087702,-0.5147980962561554,0.16666666666666666,True,0.892239174088296
2026-05-26T16:49:01.995087,Rule_Based,Summarization,118,1,-2.4251027455826097,-0.5308510765025962,0.14285714285714285,False,0.9625175415034212
2026-05-26T16:49:01.995112,Rule_Based,Chat,119,1,-0.09406311324105388,-0.52721117680875,0.1,True,0.9699216408884995
2026-05-26T16:49:01.995137,Rule_Based,QA,120,1,-0.060699714641710256,-0.5233557101792703,0.18181818181818182,True,0.9784158455375678
2026-05-26T16:49:01.995158,Rule_Based,Code,121,0,-0.5674123217185858,-0.523716829945986,0.0,True,0.862659197280986
2026-05-26T16:49:01.995183,Rule_Based,Translation,122,1,-2.418301864660722,-0.5391199603095205,0.16666666666666666,False,0.8788801260706807
2026-05-26T16:49:01.995210,Rule_Based,Summarization,123,1,-0.25061611254304006,-0.5367933163759199,0.14285714285714285,True,0.8771909337239564
2026-05-26T16:49:01.995234,Rule_Based,Chat,124,1,-0.3188421277410516,-0.535049706866841,0.1,True,0.897065880866285
2026-05-26T16:49:01.996346,LinUCB,QA,0,0,-0.2759771702770951,-0.2759771702770951,0.0,True,0.9922995508829201
2026-05-26T16:49:01.996481,LinUCB,Code,1,1,-0.13757557810308715,-0.20677637419009115,0.1111111111111111,True,0.9760813705480587
2026-05-26T16:49:01.996606,LinUCB,Translation,2,2,0.4072787995680274,-0.002091316270718291,0.4166666666666667,True,0.9587835339586049
2026-05-26T16:49:01.996725,LinUCB,Summarization,3,2,-2.0215244244548494,-0.506949593316751,0.42857142857142855,False,0.9451264209659073
2026-05-26T16:49:01.996842,LinUCB,Chat,4,1,0.016693774062920802,-0.40222091984081665,0.1,True,0.9972381863014028
2026-05-26T16:49:01.996960,LinUCB,QA,5,1,-0.1120442147200005,-0.35385813565401397,0.18181818181818182,True,0.905620847547749
2026-05-26T16:49:01.997073,LinUCB,Code,6,0,-0.2569965716417033,-0.340020769366541,0.0,True,0.9630816825331276
2026-05-26T16:49:01.997190,LinUCB,Translation,7,1,-0.27375544182587097,-0.33173760342395725,0.16666666666666666,True,0.9019614901070669
2026-05-26T16:49:01.997306,LinUCB,Summarization,8,0,-2.7841737129440607,-0.6042305044817465,0.0,False,0.9766868652572549
2026-05-26T16:49:01.997422,LinUCB,Chat,9,1,-0.15115101908224304,-0.5589225559417962,0.1,True,0.9596226486024906
2026-05-26T16:49:01.997535,LinUCB,QA,10,1,0.04090757380706195,-0.5043925441464454,0.18181818181818182,True,0.9893836075328919
2026-05-26T16:49:01.997649,LinUCB,Code,11,1,-2.624618648145616,-0.681078052813043,0.1111111111111111,False,0.9451265461853003
2026-05-26T16:49:01.997764,LinUCB,Translation,12,1,-0.15757634171495857,-0.6408086904208827,0.16666666666666666,True,0.878790789865514
2026-05-26T16:49:01.997879,LinUCB,Summarization,13,1,-0.0713832766004157,-0.6001354465765637,0.14285714285714285,True,0.9297644843745801
2026-05-26T16:49:01.997991,LinUCB,Chat,14,1,-0.1458391172614903,-0.5698490246222254,0.1,True,0.9528475954272263
2026-05-26T16:49:01.998104,LinUCB,QA,15,1,-0.02540697077573567,-0.5358213962568198,0.18181818181818182,True,0.9981529386428986
2026-05-26T16:49:01.998213,LinUCB,Code,16,2,-2.114031308087944,-0.6286572734233564,0.4444444444444444,False,0.9474645074221808
2026-05-26T16:49:01.998327,LinUCB,Translation,17,1,-0.1988418420613104,-0.6047786383476873,0.16666666666666666,True,0.8918337127013501
2026-05-26T16:49:01.998444,LinUCB,Summarization,18,1,-0.013721059624606916,-0.5736703447306831,0.14285714285714285,True,0.9526042378741801
2026-05-26T16:49:01.998557,LinUCB,Chat,19,1,-0.10452904350542777,-0.5502132796694204,0.1,True,0.9579461571131912
2026-05-26T16:49:01.998669,LinUCB,QA,20,1,-0.0582399346968005,-0.526785977527867,0.18181818181818182,True,0.983707273684725
2026-05-26T16:49:01.998777,LinUCB,Code,21,0,-0.44486103118504566,-0.5230621163304661,0.0,True,0.9104287938432053
2026-05-26T16:49:01.998894,LinUCB,Translation,22,1,-0.06872493124033255,-0.5033083256743732,0.16666666666666666,True,0.9183826626211626
2026-05-26T16:49:01.999008,LinUCB,Summarization,23,1,-0.3902707839706443,-0.49859842810338456,0.14285714285714285,True,0.8676391402935331
2026-05-26T16:49:01.999121,LinUCB,Chat,24,1,-0.19462296524335398,-0.48643940958898335,0.1,True,0.9254117498377086
2026-05-26T16:49:01.999232,LinUCB,QA,25,1,-0.02135666007727255,-0.4685516115308406,0.18181818181818182,True,0.9959985693273483
2026-05-26T16:49:01.999343,LinUCB,Code,26,0,-0.38894160224881236,-0.4656030926685432,0.0,True,0.9201944556647677
2026-05-26T16:49:01.999456,LinUCB,Translation,27,1,-0.40045550255728024,-0.4632763930217124,0.16666666666666666,True,0.8549625256213644
2026-05-26T16:49:01.999569,LinUCB,Summarization,28,1,-2.5106842982444326,-0.5338766656155993,0.14285714285714285,False,0.9505323624764908
2026-05-26T16:49:01.999682,LinUCB,Chat,29,1,-0.2452896010460328,-0.5242570967966137,0.1,True,0.9404731006869502
2026-05-26T16:49:01.999793,LinUCB,QA,30,1,-0.31350666495481433,-0.5174586957694589,0.18181818181818182,True,0.8618278391687776
2026-05-26T16:49:01.999905,LinUCB,Code,31,0,-0.5441607269345636,-0.5182931342433684,0.0,True,0.879230002176233
2026-05-26T16:49:02.000018,LinUCB,Translation,32,1,-0.26287563593559793,-0.5105532100522239,0.16666666666666666,True,0.8583593618288108
2026-05-26T16:49:02.000131,LinUCB,Summarization,33,1,-0.36365943751688434,-0.506232804977655,0.14285714285714285,True,0.8694608497157446
2026-05-26T16:49:02.000243,LinUCB,Chat,34,1,-2.5147176547628334,-0.5636180864000887,0.1,False,0.9742475744060116
2026-05-26T16:49:02.000354,LinUCB,QA,35,1,-0.2869527762640633,-0.5559329388963101,0.18181818181818182,True,0.886346130325565
2026-05-26T16:49:02.000467,LinUCB,Code,36,0,-0.5178561191448872,-0.5549038356597852,0.0,True,0.9105412318831358
2026-05-26T16:49:02.000580,LinUCB,Translation,37,1,-0.1792656786985511,-0.5450186210029107,0.16666666666666666,True,0.8741561141287992
2026-05-26T16:49:02.000693,LinUCB,Summarization,38,1,-2.397337630816585,-0.5925139802289022,0.14285714285714285,False,0.9776693726624293
2026-05-26T16:49:02.000804,LinUCB,Chat,39,1,-0.322181099590582,-0.5857556582129443,0.1,True,0.8549567830235975
2026-05-26T16:49:02.000916,LinUCB,QA,40,1,-0.2026043681129497,-0.5764105047958713,0.18181818181818182,True,0.8997399284681731
2026-05-26T16:49:02.001024,LinUCB,Code,41,0,-0.2294970517851631,-0.5681506606765687,0.0,True,0.9598173182410762
2026-05-26T16:49:02.001137,LinUCB,Translation,42,1,-0.19379496351009853,-0.5594447142308369,0.16666666666666666,True,0.9078764636258678
2026-05-26T16:49:02.001250,LinUCB,Summarization,43,1,-0.19330056316087735,-0.5511232562519741,0.14285714285714285,True,0.8908900490935915
2026-05-26T16:49:02.001366,LinUCB,Chat,44,1,-0.2518674768839646,-0.544473127821574,0.1,True,0.8997569499602024
2026-05-26T16:49:02.001478,LinUCB,QA,45,1,-0.13109058867343898,-0.535486550883571,0.18181818181818182,True,0.9516133511951722
2026-05-26T16:49:02.001586,LinUCB,Code,46,0,-0.2559418550912358,-0.5295387913986277,0.0,True,0.9486645614756685
2026-05-26T16:49:02.001700,LinUCB,Translation,47,1,-0.24716521453627507,-0.5236560085473286,0.16666666666666666,True,0.8521177977297032
2026-05-26T16:49:02.001813,LinUCB,Summarization,48,1,-0.24265223742979217,-0.5179212377081952,0.14285714285714285,True,0.9322917260600158
2026-05-26T16:49:02.001924,LinUCB,Chat,49,1,-0.08777069072614677,-0.5093182267685542,0.1,True,0.9895824857150626
2026-05-26T16:49:02.002035,LinUCB,QA,50,1,-0.20028894801508168,-0.5032588291459371,0.18181818181818182,True,0.894186515951426
2026-05-26T16:49:02.002144,LinUCB,Code,51,0,-0.5161446917622237,-0.5035066341962504,0.0,True,0.8903793858505301
2026-05-26T16:49:02.002260,LinUCB,Translation,52,1,-0.10885126027552988,-0.49606030638642545,0.16666666666666666,True,0.971863073024934
2026-05-26T16:49:02.002374,LinUCB,Summarization,53,1,-0.19814355047645044,-0.4905433294251296,0.14285714285714285,True,0.9171458268169976
2026-05-26T16:49:02.002486,LinUCB,Chat,54,1,-0.1967627825053,-0.4852018649356782,0.1,True,0.9736053063344778
2026-05-26T16:49:02.002597,LinUCB,QA,55,1,-0.18388751712563206,-0.4798212515819274,0.18181818181818182,True,0.9373044100857303
2026-05-26T16:49:02.002705,LinUCB,Code,56,0,-0.6050741348315046,-0.48201867058630593,0.0,True,0.8748546276184033
2026-05-26T16:49:02.002821,LinUCB,Translation,57,1,-0.047476053266737706,-0.47452655649458925,0.16666666666666666,True,0.9998058131864188
2026-05-26T16:49:02.002934,LinUCB,Summarization,58,1,-0.05586125336926642,-0.4674305344077193,0.14285714285714285,True,0.97122925188732
2026-05-26T16:49:02.003048,LinUCB,Chat,59,1,-0.31603930133922775,-0.4649073471899111,0.1,True,0.8711506414718518
2026-05-26T16:49:02.003160,LinUCB,QA,60,1,-0.157202385869562,-0.4598630035617087,0.18181818181818182,True,0.8926593752147126
2026-05-26T16:49:02.003271,LinUCB,Code,61,0,-0.47954260984922853,-0.4601804165663462,0.0,True,0.88571958586815
2026-05-26T16:49:02.003385,LinUCB,Translation,62,1,-2.523636459897446,-0.49293368709541124,0.16666666666666666,False,0.977308065411219
2026-05-26T16:49:02.003499,LinUCB,Summarization,63,1,-0.10661624012178228,-0.48689747698644825,0.14285714285714285,True,0.9290910199259343
2026-05-26T16:49:02.003610,LinUCB,Chat,64,1,-0.24777787846340246,-0.4832187139322475,0.1,True,0.8978951200329326
2026-05-26T16:49:02.003721,LinUCB,QA,65,1,-0.03667633912193699,-0.47645292037451553,0.18181818181818182,True,0.9419288188778432
2026-05-26T16:49:02.003828,LinUCB,Code,66,0,-0.6285926654203571,-0.47872366283788637,0.0,True,0.8596868005678989
2026-05-26T16:49:02.003940,LinUCB,Translation,67,1,-0.39556238521022175,-0.47750070287277363,0.16666666666666666,True,0.8506434184548122
2026-05-26T16:49:02.004053,LinUCB,Summarization,68,1,-0.10988331175330115,-0.4721729145956798,0.14285714285714285,True,0.9277059330122824
2026-05-26T16:49:02.004165,LinUCB,Chat,69,1,-0.13934228250517505,-0.46741819128010115,0.1,True,0.9384317008348028
2026-05-26T16:49:02.004280,LinUCB,QA,70,1,-0.12546167596100222,-0.4626019023319448,0.18181818181818182,True,0.957044187508464
2026-05-26T16:49:02.004387,LinUCB,Code,71,0,-0.5257724981908585,-0.4634792717188742,0.0,True,0.8648177362465947
2026-05-26T16:49:02.004500,LinUCB,Translation,72,1,-0.2965442883786702,-0.46119249112517274,0.16666666666666666,True,0.8623872494823291
2026-05-26T16:49:02.004613,LinUCB,Summarization,73,1,-0.08642482818921216,-0.45612806324765975,0.14285714285714285,True,0.9680055922943392
2026-05-26T16:49:02.004725,LinUCB,Chat,74,1,-0.25486508094535915,-0.4534445568169624,0.1,True,0.9498412819875626
2026-05-26T16:49:02.004835,LinUCB,QA,75,1,0.04525624139033946,-0.4468827042089715,0.18181818181818182,True,0.9902213618372888
2026-05-26T16:49:02.004944,LinUCB,Code,76,0,-0.556815019941312,-0.44831039662107985,0.0,True,0.8859949877811795
2026-05-26T16:49:02.005059,LinUCB,Translation,77,1,-0.141459693611914,-0.44437641324916743,0.16666666666666666,True,0.8864284667824555
2026-05-26T16:49:02.005172,LinUCB,Summarization,78,1,-0.10624669377387377,-0.44009629021783464,0.14285714285714285,True,0.9132262499723642
2026-05-26T16:49:02.005283,LinUCB,Chat,79,1,-0.31011948118579624,-0.43847158010493414,0.1,True,0.8710283617056961
2026-05-26T16:49:02.005394,LinUCB,QA,80,1,-0.23506791336962501,-0.4359604237254859,0.18181818181818182,True,0.9107425551093512
2026-05-26T16:49:02.005501,LinUCB,Code,81,0,-0.2880696606741052,-0.4341568778346154,0.0,True,0.9289256883087679
2026-05-26T16:49:02.005614,LinUCB,Translation,82,1,-0.21209073731495348,-0.43148138216570375,0.16666666666666666,True,0.8777681645415535
2026-05-26T16:49:02.005730,LinUCB,Summarization,83,1,-0.29114224919176335,-0.4298106782017283,0.14285714285714285,True,0.9175595666199463
2026-05-26T16:49:02.005843,LinUCB,Chat,84,1,-0.31918931386838534,-0.42850925038604193,0.1,True,0.9055425285993887
2026-05-26T16:49:02.005958,LinUCB,QA,85,1,-2.371524880978291,-0.45110245539292854,0.18181818181818182,False,0.8529376725787462
2026-05-26T16:49:02.006066,LinUCB,Code,86,0,-0.6310708450152996,-0.45317105757249604,0.0,True,0.865778209065778
2026-05-26T16:49:02.006180,LinUCB,Translation,87,1,-0.3074007797626073,-0.45151457714283827,0.16666666666666666,True,0.8949128932548253
2026-05-26T16:49:02.006294,LinUCB,Summarization,88,1,-0.33483834560525816,-0.45020360824915756,0.14285714285714285,True,0.8649667845814727
2026-05-26T16:49:02.006405,LinUCB,Chat,89,1,-2.6472473351997423,-0.47461520521527517,0.1,False,0.9507439188756509
2026-05-26T16:49:02.006515,LinUCB,QA,90,1,0.07094859717520899,-0.4686199985955995,0.18181818181818182,True,0.9769584092946253
2026-05-26T16:49:02.006624,LinUCB,Code,91,0,-0.2782138975386139,-0.4665503670623714,0.0,True,0.9390281447489809
2026-05-26T16:49:02.006737,LinUCB,Translation,92,1,-0.19731071764336464,-0.4636553170686186,0.16666666666666666,True,0.91670031175451
2026-05-26T16:49:02.006851,LinUCB,Summarization,93,1,0.013748868305753087,-0.458576549139104,0.14285714285714285,True,0.9636508257428987
2026-05-26T16:49:02.006961,LinUCB,Chat,94,1,-0.061886669557307705,-0.4544008661961378,0.1,True,0.9661339556392828
2026-05-26T16:49:02.007073,LinUCB,QA,95,1,-0.1982890807559278,-0.4517330350978022,0.18181818181818182,True,0.9003850755601603
2026-05-26T16:49:02.007184,LinUCB,Code,96,0,-2.6928858430906732,-0.4748377032214401,0.0,False,0.9256937600658383
2026-05-26T16:49:02.007298,LinUCB,Translation,97,1,0.10012547424485668,-0.46897073202280437,0.16666666666666666,True,0.9959123260350671
2026-05-26T16:49:02.007410,LinUCB,Summarization,98,1,-0.01039297404636752,-0.46433863345738585,0.14285714285714285,True,0.9583377480830811
2026-05-26T16:49:02.007521,LinUCB,Chat,99,1,-0.1589134812433642,-0.4612843819352457,0.1,True,0.9450537930792111
2026-05-26T16:49:02.007631,LinUCB,QA,100,1,-0.21580037538871114,-0.45885384721696315,0.18181818181818182,True,0.899817523513335
2026-05-26T16:49:02.007738,LinUCB,Code,101,0,-0.38412297930533296,-0.45812119164920206,0.0,True,0.9459423315156165
2026-05-26T16:49:02.007854,LinUCB,Translation,102,1,-0.27876327173058846,-0.456379852620866,0.16666666666666666,True,0.8587429401504647
2026-05-26T16:49:02.007968,LinUCB,Summarization,103,1,-0.1992892831370665,-0.453907827914291,0.14285714285714285,True,0.8749315003944014
2026-05-26T16:49:02.008078,LinUCB,Chat,104,1,0.00012634642588993383,-0.44958369292057504,0.1,True,0.9965478661310079
2026-05-26T16:49:02.008188,LinUCB,QA,105,1,-0.01600627172810437,-0.44549333989045736,0.18181818181818182,True,0.9644563550971544
2026-05-26T16:49:02.008295,LinUCB,Code,106,0,-2.7621647004285492,-0.4671444741010938,0.0,False,0.9664038021590816
2026-05-26T16:49:02.008407,LinUCB,Translation,107,1,-2.444239933951073,-0.48545091354414915,0.16666666666666666,False,0.9282530872948448
2026-05-26T16:49:02.008519,LinUCB,Summarization,108,1,-0.3057089891521725,-0.4838019050634888,0.14285714285714285,True,0.8709796224444141
2026-05-26T16:49:02.008632,LinUCB,Chat,109,1,-0.28330231814058127,-0.4819791815460078,0.1,True,0.9191393519759223
2026-05-26T16:49:02.008743,LinUCB,QA,110,1,-0.09453775959859384,-0.47848871828522027,0.18181818181818182,True,0.9597329068611952
2026-05-26T16:49:02.008854,LinUCB,Code,111,1,-0.15024173781542377,-0.47555794167388277,0.1111111111111111,True,0.9405698512932069
2026-05-26T16:49:02.008967,LinUCB,Translation,112,1,-0.08758972156167155,-0.47212459459324374,0.16666666666666666,True,0.978639538598334
2026-05-26T16:49:02.009079,LinUCB,Summarization,113,1,-0.08527983147877446,-0.4687312194782045,0.14285714285714285,True,0.9384043120087024
2026-05-26T16:49:02.009189,LinUCB,Chat,114,1,-0.3305771795134062,-0.46752988000024975,0.1,True,0.9156881371683046
2026-05-26T16:49:02.009300,LinUCB,QA,115,1,-0.06620302219165147,-0.4640701657087963,0.18181818181818182,True,0.9681590547293804
2026-05-26T16:49:02.009407,LinUCB,Code,116,1,-0.30041895267946794,-0.46267143739230626,0.1111111111111111,True,0.8805203487867121
2026-05-26T16:49:02.009518,LinUCB,Translation,117,1,-0.020553372838340356,-0.4589246741333744,0.16666666666666666,True,0.9369392893868982
2026-05-26T16:49:02.009631,LinUCB,Summarization,118,1,-0.2819843987835886,-0.4574377810632081,0.14285714285714285,True,0.8734191907697983
2026-05-26T16:49:02.009742,LinUCB,Chat,119,1,-0.3401735895560328,-0.45646057946731494,0.1,True,0.8508782204827826
2026-05-26T16:49:02.009852,LinUCB,QA,120,1,-2.3693791606977332,-0.4722698239402936,0.18181818181818182,False,0.891782836054686
2026-05-26T16:49:02.009959,LinUCB,Code,121,1,-0.11493486588834492,-0.469340848874294,0.1111111111111111,True,0.9951506056963915
2026-05-26T16:49:02.010075,LinUCB,Translation,122,1,-0.34693545742272214,-0.4683456830901349,0.16666666666666666,True,0.8574934391869014
2026-05-26T16:49:02.010187,LinUCB,Summarization,123,1,-0.20854101264857564,-0.466250484134961,0.14285714285714285,True,0.9334156305849958
2026-05-26T16:49:02.010298,LinUCB,Chat,124,1,-0.38691498492862203,-0.4656158001413103,0.1,True,0.9033436651786165
